AnimeIndex,AnimeName,AnimeYear,AnimeImage
0,Tetsuwan Atom (Astro Boy),1963,https://cdn.myanimelist.net/images/anime/10/79582l.jpg
1,Cyborg 009,1966,https://cdn.myanimelist.net/images/anime/3/76035l.jpg
2,Tiger Mask,1969,https://cdn.myanimelist.net/images/anime/8/71351l.jpg
3,Ashita no Joe,1970,https://cdn.myanimelist.net/images/anime/5/64671.jpg
4,Konchuu Monogatari Minashigo Hutch,1970,https://cdn.myanimelist.net/images/anime/12/6900l.jpg
5,Akakichi no Eleven,1970,https://cdn.myanimelist.net/images/anime/4/23205l.jpg
6,Kick no Oni,1970,https://cdn.myanimelist.net/images/anime/1578/113488l.jpg
7,Gegege no Kitarou,1971,https://cdn.myanimelist.net/images/anime/6/27399l.jpg
8,Lupin III,1971,https://cdn.myanimelist.net/images/anime/10/15625.jpg
9,Kagaku Ninja-tai Gatchaman,1972,https://cdn.myanimelist.net/images/anime/8/55411l.jpg
10,Devilman,1972,https://cdn.myanimelist.net/images/anime/2/86660l.jpg
11,Umi no Triton,1972,https://cdn.myanimelist.net/images/anime/12/85304l.jpg
12,Mazinger Z,1973,https://cdn.myanimelist.net/images/anime/3/21724l.jpg
13,Shinzou Ningen Casshern,1973,https://cdn.myanimelist.net/images/anime/7/60395l.jpg
14,Ace wo Nerae!,1973,https://cdn.myanimelist.net/images/anime/1414/91264.jpg
15,Dororon Enma-kun,1973,https://cdn.myanimelist.net/images/anime/9/28204l.jpg
16,Samurai Giants,1973,https://cdn.myanimelist.net/images/anime/11/27421.jpg
17,Doraemon,1973,https://cdn.myanimelist.net/images/anime/1389/109531l.jpg
18,Alps no Shoujo Heidi,1974,https://cdn.myanimelist.net/images/anime/1/2420l.jpg
19,Hurricane Polymar,1974,https://cdn.myanimelist.net/images/anime/9/60393.jpg
20,Great Mazinger,1974,https://cdn.myanimelist.net/images/anime/3/51991l.jpg
21,Getter Robo,1974,https://cdn.myanimelist.net/images/anime/12/6039l.jpg
22,Flanders no Inu,1975,https://cdn.myanimelist.net/images/anime/8/60825l.jpg
23,Yuusha Raideen,1975,https://cdn.myanimelist.net/images/anime/1962/119355l.jpg
24,Uchuu no Kishi Tekkaman,1975,https://cdn.myanimelist.net/images/anime/1/2447l.jpg
25,UFO Robo Grendizer,1975,https://cdn.myanimelist.net/images/anime/8/8669l.jpg
26,Candy Candy,1976,https://cdn.myanimelist.net/images/anime/4/35051l.jpg
27,Yatterman,1977,https://cdn.myanimelist.net/images/anime/8/60747l.jpg
28,Ginga Tetsudou 999,1978,https://cdn.myanimelist.net/images/anime/1685/104554l.jpg
29,Mirai Shounen Conan,1978,https://cdn.myanimelist.net/images/anime/6/17529l.jpg
30,Uchuu Kaizoku Captain Herlock,1978,https://cdn.myanimelist.net/images/anime/4/21236l.jpg
31,Mobile Suit Gundam,1979,https://cdn.myanimelist.net/images/anime/5/88524.jpg
32,Wanwan Sanjuushi (D'Artacán y los tres Mosqueperros),1981,https://cdn.myanimelist.net/images/anime/5/22968l.jpg
33,Uchuu Densetsu Ulysses 31,1981,https://cdn.myanimelist.net/images/anime/3/2598l.jpg
34,Dash! Kappei (Chicho Terremoto),1981,https://cdn.myanimelist.net/images/anime/1319/90363l.jpg
35,Ninja Hattori-kun,1981,https://cdn.myanimelist.net/images/anime/5/82502l.jpg
36,Urusei Yatsura (Lamu),1981,https://cdn.myanimelist.net/images/anime/4/83156l.jpg
37,Hyakujuu-Ou GoLion (Voltron),1981,https://cdn.myanimelist.net/images/anime/2/51647l.jpg
38,Dr. Slump: Arale-chan,1981,https://cdn.myanimelist.net/images/anime/7/41289l.jpg
39,Gyakuten Ippatsuman,1982,https://cdn.myanimelist.net/images/anime/7/19572l.jpg
40,Macross,1982,https://cdn.myanimelist.net/images/anime/1/2441l.jpg
41,Space Cobra,1982,https://cdn.myanimelist.net/images/anime/7/41437l.jpg
42,Kinnikuman,1983,https://cdn.myanimelist.net/images/anime/5/5182l.jpg
43,Captain Tsubasa (Oliver y Benji),1983,https://cdn.myanimelist.net/images/anime/9/26248l.jpg
44,Golgo 13,1983,https://cdn.myanimelist.net/images/anime/1476/102570l.jpg
45,Hokuto no Ken (Fist of the North Star),1984,https://cdn.myanimelist.net/images/anime/8/18502l.jpg
46,Meitantei Holmes,1984,https://cdn.myanimelist.net/images/anime/4/75723l.jpg
47,Kaze no Tani no Nausicaä (Nausicaä del Valle del Viento),1984,https://cdn.myanimelist.net/images/anime/11/75917l.jpg
48,Dirty Pair,1985,https://cdn.myanimelist.net/images/anime/2/20673l.jpg
49,Saint Seiya (Caballeros del Zodiaco),1986,https://cdn.myanimelist.net/images/anime/7/50945l.jpg
50,Maison Ikkoku,1986,https://cdn.myanimelist.net/images/anime/6/17576l.jpg
51,Dragon Ball,1986,https://cdn.myanimelist.net/images/anime/1887/92364.jpg
52,Tenkuu no Shiro Laputa (El Castillo en el Cielo),1986,https://cdn.myanimelist.net/images/anime/5/37799l.jpg
53,Kikou Senki Dragonar,1987,https://cdn.myanimelist.net/images/anime/13/11236l.jpg
54,City Hunter,1987,https://cdn.myanimelist.net/images/anime/8/20587l.jpg
55,Kimagure Orange Road,1987,https://cdn.myanimelist.net/images/anime/12/41339l.jpg
56,Tatakae!! Ramenman,1988,https://cdn.myanimelist.net/images/anime/7/8414l.jpg
57,Sakigake!! Otokojuku,1988,https://cdn.myanimelist.net/images/anime/12/60397l.jpg
58,Akira,1988,https://cdn.myanimelist.net/images/anime/1408/114012l.jpg
59,Hotaru no Haka (La Tumba de las Luciérnagas),1988,https://cdn.myanimelist.net/images/anime/11/13833l.jpg
60,Tonari no Totoro,1988,https://cdn.myanimelist.net/images/anime/4/75923l.jpg
61,Ranma 1/2,1989,https://cdn.myanimelist.net/images/anime/13/6441l.jpg
62,Dragon Ball Z,1989,https://cdn.myanimelist.net/images/anime/6/20936.jpg
63,Yawara! (Cinturón Negro),1989,https://cdn.myanimelist.net/images/anime/4/44864l.jpg
64,Majo no Takkyuubin (Nicky la Aprendiz de Bruja),1989,https://cdn.myanimelist.net/images/anime/9/76791l.jpg
65,Fushigi no Umi no Nadia,1990,https://cdn.myanimelist.net/images/anime/2/52681.jpg
66,Kyattou Ninden Teyandee (Samurai Pizza Cats),1990,https://cdn.myanimelist.net/images/anime/1380/100202l.jpg
67,Dragon Quest: Dai no Daibouken,1991,https://cdn.myanimelist.net/images/anime/1963/108416.jpg
68,Bishoujo Senshi Sailor Moon,1992,https://cdn.myanimelist.net/images/anime/1017/105998.jpg
69,Crayon Shin-chan,1992,https://cdn.myanimelist.net/images/anime/10/59897l.jpg
70,Yuu Yuu Hakusho,1992,https://cdn.myanimelist.net/images/anime/1228/111372.jpg
71,Porco Rosso,1992,https://cdn.myanimelist.net/images/anime/6/2878l.jpg
72,Kenyuu Densetsu Yaiba,1993,https://cdn.myanimelist.net/images/anime/5/71953l.jpg
73,Dragon League,1993,https://cdn.myanimelist.net/images/anime/5/49791l.jpg
74,Slam Dunk,1993,https://cdn.myanimelist.net/images/anime/12/86890.jpg
75,Jungle no Ouja Taa-chan,1993,https://cdn.myanimelist.net/images/anime/1948/106089l.jpg
76,Mobile Fighter G Gundam,1994,https://cdn.myanimelist.net/images/anime/1596/92392l.jpg
77,Marmalade Boy,1994,https://cdn.myanimelist.net/images/anime/8/6092.jpg
78,Tottemo! Luckyman,1994,https://cdn.myanimelist.net/images/anime/1463/103126l.jpg
79,Montana Jones,1994,https://cdn.myanimelist.net/images/anime/13/5303l.jpg
80,Magic Knight Rayearth,1994,https://cdn.myanimelist.net/images/anime/1711/94452l.jpg
81,DNA,1994,https://cdn.myanimelist.net/images/anime/1433/103506l.jpg
82,Golden Boy,1995,https://cdn.myanimelist.net/images/anime/10/19210l.jpg
83,Slayers,1995,https://cdn.myanimelist.net/images/anime/1446/97050l.jpg
84,Fushigi Yuugi,1995,https://cdn.myanimelist.net/images/anime/2/20140.jpg
85,Tenchi Muyou!,1995,https://cdn.myanimelist.net/images/anime/3/61663l.jpg
86,Mobile Suit Gundam Wing,1995,https://cdn.myanimelist.net/images/anime/1884/114414l.jpg
87,Neon Genesis Evangelion,1995,https://cdn.myanimelist.net/images/anime/1314/108941l.jpg
88,Mimi wo Sumaseba (Susurros del Corazón),1995,https://cdn.myanimelist.net/images/anime/1899/109259l.jpg
89,Rurouni Kenshin: Meiji Kenkaku Romantan,1996,https://cdn.myanimelist.net/images/anime/1516/119368l.jpg
90,Detective Conan,1996,https://cdn.myanimelist.net/images/anime/7/75199l.jpg
91,Tenkuu no Escaflowne,1996,https://cdn.myanimelist.net/images/anime/9/9624l.jpg
92,Jigoku Sensei Nube,1996,https://cdn.myanimelist.net/images/anime/1/2129l.jpg
93,Kochikame,1996,https://cdn.myanimelist.net/images/anime/13/75993l.jpg
94,Saber Marionette J,1996,https://cdn.myanimelist.net/images/anime/1754/97053.jpg
95,Taiho Shichau zo (You're Under Arrest),1996,https://cdn.myanimelist.net/images/anime/4/16767.jpg
96,Eat-Man,1997,https://cdn.myanimelist.net/images/anime/1171/95124l.jpg
97,Shoujo Kakumei Utena,1997,https://cdn.myanimelist.net/images/anime/1078/95285l.jpg
98,Hyper Police,1997,https://cdn.myanimelist.net/images/anime/1401/119360l.jpg
99,Rekka no Honoo,1997,https://cdn.myanimelist.net/images/anime/1646/113504l.jpg
100,Kenpuu Denki Berserk,1997,https://cdn.myanimelist.net/images/anime/3/73253l.jpg
101,Pokémon,1997,https://cdn.myanimelist.net/images/anime/13/73834l.jpg
102,Mononoke Hime (La Princesa Mononoke),1997,https://cdn.myanimelist.net/images/anime/7/75919l.jpg
103,Seihou Bukyou Outlaw Star,1998,https://cdn.myanimelist.net/images/anime/7/28848l.jpg
104,Cowboy Bebop,1998,https://cdn.myanimelist.net/images/anime/1553/91487l.jpg
105,Trigun,1998,https://cdn.myanimelist.net/images/anime/5/75182l.jpg
106,Cardcaptor Sakura,1998,https://cdn.myanimelist.net/images/anime/13/14516.jpg
107,Initial D First Stage,1998,https://cdn.myanimelist.net/images/anime/13/6801l.jpg
108,Yu Gi Oh!,1998,https://cdn.myanimelist.net/images/anime/8/28387.jpg
109,Lodoss-tou Senki: Eiyuu Kishi Den,1998,https://cdn.myanimelist.net/images/anime/1745/105943l.jpg
110,Lost Universe,1998,https://cdn.myanimelist.net/images/anime/1445/98394l.jpg
111,Neo Ranga,1998,https://cdn.myanimelist.net/images/anime/1106/96511l.jpg
112,Serial Experiments Lain,1998,https://cdn.myanimelist.net/images/anime/11/73282l.jpg
113,Kareshi Kanojo no Jijou,1998,https://cdn.myanimelist.net/images/anime/1745/94127.jpg
114,Majutsushi Orphen,1998,https://cdn.myanimelist.net/images/anime/7/71815l.jpg
115,Perfect Blue,1998,https://cdn.myanimelist.net/images/anime/7/58303l.jpg
116,Pokémon: The First Movie ,1998,https://cdn.myanimelist.net/images/anime/1552/101789l.jpg
117,Kamikaze Kaitou Jeanne,1999,https://cdn.myanimelist.net/images/anime/5/20389l.jpg
118,Petshop of Horrors,1999,https://cdn.myanimelist.net/images/anime/1745/99076l.jpg
119,Ojamajo Doremi,1999,https://cdn.myanimelist.net/images/anime/6/36075l.jpg
120,Monster Rancher,1999,https://cdn.myanimelist.net/images/anime/1044/113641l.jpg
121,Arc the Lad,1999,https://cdn.myanimelist.net/images/anime/1007/111247l.jpg
122,Gokudou-kun Manyuuki (Jester: El Aventurero),1999,https://cdn.myanimelist.net/images/anime/1483/94117l.jpg
123,Power Stone,1999,https://cdn.myanimelist.net/images/anime/1110/98247l.jpg
124,Great Teacher Onizuka,1999,https://cdn.myanimelist.net/images/anime/13/11460l.jpg
125,One Piece,1999,https://cdn.myanimelist.net/images/anime/6/73245l.jpg
126,Hunter x Hunter,1999,https://cdn.myanimelist.net/images/anime/8/19473.jpg
127,Heppoko Jikken Animation Excel Saga,1999,https://cdn.myanimelist.net/images/anime/1728/97423l.jpg
128,Digimon Adventure,1999,https://cdn.myanimelist.net/images/anime/10/11070l.jpg
129,Love Hina,2000,https://cdn.myanimelist.net/images/anime/1153/99366.jpg
130,Gensoumaden Saiyuuki,2000,https://cdn.myanimelist.net/images/anime/11/75282l.jpg
131,Sakura Taisen,2000,https://cdn.myanimelist.net/images/anime/12/20378l.jpg
132,Boys Be...,2000,https://cdn.myanimelist.net/images/anime/1/2223l.jpg
133,Ayashi no Ceres,2000,https://cdn.myanimelist.net/images/anime/8/23580l.jpg
134,Medarot Damashii,2000,https://cdn.myanimelist.net/images/anime/1878/117023l.jpg
135,InuYasha,2000,https://cdn.myanimelist.net/images/anime/1589/95329l.jpg
136,Hajime no Ippo,2000,https://cdn.myanimelist.net/images/anime/4/86334l.jpg
137,Vandread,2000,https://cdn.myanimelist.net/images/anime/5/75446.jpg
138,Gear Fighter Dendoh,2000,https://cdn.myanimelist.net/images/anime/8/4877l.jpg
139,Vampire Hunter D: Bloodlust,2000,https://cdn.myanimelist.net/images/anime/9/21432l.jpg
140,Grappler Baki,2001,https://cdn.myanimelist.net/images/anime/3/7604l.jpg
141,Tales of Eternia,2001,https://cdn.myanimelist.net/images/anime/11/42089.jpg
142,Noir,2001,https://cdn.myanimelist.net/images/anime/1054/96577l.jpg
143,Jungle wa Itsumo Hare nochi Guu,2001,https://cdn.myanimelist.net/images/anime/10/7115l.jpg
144,Project ARMS,2001,https://cdn.myanimelist.net/images/anime/1064/92891l.jpg
145,Parappa the Rapper,2001,https://cdn.myanimelist.net/images/anime/11/6602l.jpg
146,Fruits Basket,2001,https://cdn.myanimelist.net/images/anime/4/75204.jpg
147,Shaman King,2001,https://cdn.myanimelist.net/images/anime/4/18990l.jpg
148,Hellsing,2001,https://cdn.myanimelist.net/images/anime/10/19956l.jpg
149,Tennis no Ouji-sama,2001,https://cdn.myanimelist.net/images/anime/6/21624l.jpg
150,Hikaru no Go,2001,https://cdn.myanimelist.net/images/anime/12/78317.jpg
151,Rave Master,2001,https://cdn.myanimelist.net/images/anime/9/21181.jpg
152,Mahoromatic: Automatic Maiden,2001,https://cdn.myanimelist.net/images/anime/1786/109719l.jpg
153,Hoshi no Kirby,2001,https://cdn.myanimelist.net/images/anime/9/22184l.jpg
154,Sen to Chihiro no Kamikakushi (Spirited Away),2001,https://cdn.myanimelist.net/images/anime/6/79597l.jpg
155,Full Metal Panic!,2002,https://cdn.myanimelist.net/images/anime/2/75259.jpg
156,Onegai Teacher,2002,https://cdn.myanimelist.net/images/anime/1158/100228l.jpg
157,Kanon,2002,https://cdn.myanimelist.net/images/anime/1/144l.jpg
158,Rockman.EXE,2002,https://cdn.myanimelist.net/images/anime/1976/94654l.jpg
159,Chobits,2002,https://cdn.myanimelist.net/images/anime/11/51385l.jpg
160,.hack//Sign,2002,https://cdn.myanimelist.net/images/anime/1603/94024l.jpg
161,Abenobashi Mahou Shoutengai,2002,https://cdn.myanimelist.net/images/anime/8/80568l.jpg
162,Samurai Deeper Kyou,2002,https://cdn.myanimelist.net/images/anime/2/13029l.jpg
163,Naruto,2002,https://cdn.myanimelist.net/images/anime/13/17405l.jpg
164,Koukaku Kidoutai: Stand Alone Complex,2002,https://cdn.myanimelist.net/images/anime/11/50857l.jpg
165,GetBackers,2002,https://cdn.myanimelist.net/images/anime/1682/103233l.jpg
166,.hack//Tasogare no Udewa Densetsu,2003,https://cdn.myanimelist.net/images/anime/4/78321l.jpg
167,Wolf's Rain,2003,https://cdn.myanimelist.net/images/anime/5/59403l.jpg
168,Konjiki no Gash Bell!!,2003,https://cdn.myanimelist.net/images/anime/7/14983l.jpg
169,Air Master,2003,https://cdn.myanimelist.net/images/anime/9/30393l.jpg
170,Matantei Loki Ragnarok,2003,https://cdn.myanimelist.net/images/anime/13/75300l.jpg
171,Dear Boys,2003,https://cdn.myanimelist.net/images/anime/1141/109328l.jpg
172,Submarine Super 99,2003,https://cdn.myanimelist.net/images/anime/7/49109l.jpg
173,Full Metal Panic? Fumoffu,2003,https://cdn.myanimelist.net/images/anime/4/75260l.jpg
174,Ikkitousen,2003,https://cdn.myanimelist.net/images/anime/5/23091l.jpg
175,Green Green,2003,https://cdn.myanimelist.net/images/anime/7/75251l.jpg
176,D.C.: Da Capo,2003,https://cdn.myanimelist.net/images/anime/4/73936.jpg
177,Onegai Twins,2003,https://cdn.myanimelist.net/images/anime/1621/100229l.jpg
178,Mermaid Melody Pichi Pichi Pitch,2003,https://cdn.myanimelist.net/images/anime/3/9640l.jpg
179,Gunslinger Girl,2003,https://cdn.myanimelist.net/images/anime/2/20839l.jpg
180,Gungrave,2003,https://cdn.myanimelist.net/images/anime/11/75724l.jpg
181,Shingetsutan Tsukihime,2003,https://cdn.myanimelist.net/images/anime/12/20669l.jpg
182,Cromartie High School,2003,https://cdn.myanimelist.net/images/anime/1419/101839l.jpg
183,Bobobo-bo Bo-bobo,2003,https://cdn.myanimelist.net/images/anime/6/44540l.jpg
184,F-Zero: Falcon Densetsu,2003,https://cdn.myanimelist.net/images/anime/8/29222l.jpg
185,Fullmetal Alchemist,2003,https://cdn.myanimelist.net/images/anime/10/75815l.jpg
186,Planetes,2003,https://cdn.myanimelist.net/images/anime/8/50463.jpg
187,Chrno Crusade,2003,https://cdn.myanimelist.net/images/anime/13/14141l.jpg
188,Tokyo Godfathers,2003,https://cdn.myanimelist.net/images/anime/4/15246l.jpg
189,Mousou Dairinin (Paranoia Agent),2004,https://cdn.myanimelist.net/images/anime/1278/96826l.jpg
190,Futari wa Precure (Pretty Cure),2004,https://cdn.myanimelist.net/images/anime/7/20639l.jpg
191,Samurai Champloo,2004,https://cdn.myanimelist.net/images/anime/5/2026l.jpg
192,Gantz,2004,https://cdn.myanimelist.net/images/anime/13/5998l.jpg
193,Monster,2004,https://cdn.myanimelist.net/images/anime/10/18793l.jpg
194,Tenjou Tenge,2004,https://cdn.myanimelist.net/images/anime/10/8380l.jpg
195,Midori no Hibi,2004,https://cdn.myanimelist.net/images/anime/5/10232l.jpg
196,Keroro Gunsou (Sargento Keroro),2004,https://cdn.myanimelist.net/images/anime/1049/106032l.jpg
197,Elfen Lied,2004,https://cdn.myanimelist.net/images/anime/8/16396l.jpg
198,DearS,2004,https://cdn.myanimelist.net/images/anime/1207/98872l.jpg
199,Samurai 7,2004,https://cdn.myanimelist.net/images/anime/1190/95421l.jpg
200,Girls Bravo,2004,https://cdn.myanimelist.net/images/anime/1/241l.jpg
201,Bleach,2004,https://cdn.myanimelist.net/images/anime/3/40451l.jpg
202,School Rumble,2004,https://cdn.myanimelist.net/images/anime/11/20419l.jpg
203,Rozen Maiden,2004,https://cdn.myanimelist.net/images/anime/13/15723l.jpg
204,Mahou Shoujo Lyrical Nanoha,2004,https://cdn.myanimelist.net/images/anime/4/20747l.jpg
205,Yakitate!! Japan,2004,https://cdn.myanimelist.net/images/anime/3/76432l.jpg
206,Black Jack,2004,https://cdn.myanimelist.net/images/anime/11/14889l.jpg
207,Viewtiful Joe,2004,https://cdn.myanimelist.net/images/anime/1/278l.jpg
208,Howl no Ugoku Shiro (El Castillo Ambulante),2004,https://cdn.myanimelist.net/images/anime/5/73129l.jpg
209,Aa! Megami-sama!,2005,https://cdn.myanimelist.net/images/anime/1976/99376l.jpg
210,Mahou Sensei Negima!,2005,https://cdn.myanimelist.net/images/anime/12/89535l.jpg
211,Peach Girl,2005,https://cdn.myanimelist.net/images/anime/13/75579l.jpg
212,Xenosaga,2005,https://cdn.myanimelist.net/images/anime/3/75162l.jpg
213,Buzzer Beater,2005,https://cdn.myanimelist.net/images/anime/6/57421l.jpg
214,Koukyoushihen Eureka Seven,2005,https://cdn.myanimelist.net/images/anime/12/34443l.jpg
215,Tsubasa Chronicle,2005,https://cdn.myanimelist.net/images/anime/9/6555l.jpg
216,Trinity Blood,2005,https://cdn.myanimelist.net/images/anime/10/24649.jpg
217,Eyeshield 21,2005,https://cdn.myanimelist.net/images/anime/12/66961.jpg
218,The Law of Ueki,2005,https://cdn.myanimelist.net/images/anime/1250/90876l.jpg
219,Ichigo 100%,2005,https://cdn.myanimelist.net/images/anime/11/22487l.jpg
220,Erementar Gerad,2005,https://cdn.myanimelist.net/images/anime/2/79163l.jpg
221,MÄR,2005,https://cdn.myanimelist.net/images/anime/8/38383.jpg
222,Gun x Sword,2005,https://cdn.myanimelist.net/images/anime/1468/98791.jpg
223,Amaenaide yo!!,2005,https://cdn.myanimelist.net/images/anime/2/32071l.jpg
224,Mushishi,2005,https://cdn.myanimelist.net/images/anime/2/73862l.jpg
225,Shakugan no Shana,2005,https://cdn.myanimelist.net/images/anime/1314/98656l.jpg
226,Black Cat,2005,https://cdn.myanimelist.net/images/anime/11/75180.jpg
227,Karin,2005,https://cdn.myanimelist.net/images/anime/3/46833l.jpg
228,Fate/stay night,2006,https://cdn.myanimelist.net/images/anime/4/30327l.jpg
229,Ergo Proxy,2006,https://cdn.myanimelist.net/images/anime/1581/101933l.jpg
230,Ouran Koukou Host Club,2006,https://cdn.myanimelist.net/images/anime/1004/92393l.jpg
231,Gintama,2006,https://cdn.myanimelist.net/images/anime/1694/95903l.jpg
232,Black Lagoon,2006,https://cdn.myanimelist.net/images/anime/7/23421l.jpg
233,Suzumiya Haruhi no Yuuutsu (The Melancholy of Haruhi Suzumiya),2006,https://cdn.myanimelist.net/images/anime/8/89073l.jpg
234,Higurashi no Naku Koro ni,2006,https://cdn.myanimelist.net/images/anime/12/19634l.jpg
235,Nana,2006,https://cdn.myanimelist.net/images/anime/2/11232l.jpg
236,Air Gear,2006,https://cdn.myanimelist.net/images/anime/11/18227l.jpg
237,xxxHOLiC,2006,https://cdn.myanimelist.net/images/anime/1804/99349l.jpg
238,Strawberry Panic,2006,https://cdn.myanimelist.net/images/anime/7/17844l.jpg
239,Witchblade,2006,https://cdn.myanimelist.net/images/anime/1/935l.jpg
240,Oban Star-Racers,2006,https://cdn.myanimelist.net/images/anime/12/3702l.jpg
241,Makai Senki Disgaea,2006,https://cdn.myanimelist.net/images/anime/6/20438l.jpg
242,Renkin San-kyuu Magical? Pokaan,2006,https://cdn.myanimelist.net/images/anime/6/20618l.jpg
243,Zero no Tsukaima,2006,https://cdn.myanimelist.net/images/anime/2/10137l.jpg
244,NHK ni Youkoso!,2006,https://cdn.myanimelist.net/images/anime/3/52675l.jpg
245,Tonagura!,2006,https://cdn.myanimelist.net/images/anime/1/1218l.jpg
246,Pucca,2006,https://cdn.myanimelist.net/images/anime/3/15145l.jpg
247,Death Note,2006,https://cdn.myanimelist.net/images/anime/9/9453l.jpg
248,Code Geass: Hangyaku no Lelouch,2006,https://cdn.myanimelist.net/images/anime/10/73246l.jpg
249,D.Gray-man,2006,https://cdn.myanimelist.net/images/anime/13/75194l.jpg
250,Katekyo Hitman Reborn!,2006,https://cdn.myanimelist.net/images/anime/13/80000l.jpg
251,Shijou Saikyou no Deshi Kenichi,2006,https://cdn.myanimelist.net/images/anime/9/75515l.jpg
252,Busou Renkin,2006,https://cdn.myanimelist.net/images/anime/1243/107239l.jpg
253,Kekkaishi,2006,https://cdn.myanimelist.net/images/anime/1279/117218l.jpg
254,Black Blood Brothers,2006,https://cdn.myanimelist.net/images/anime/10/21024l.jpg
255,Bartender,2006,https://cdn.myanimelist.net/images/anime/13/67397l.jpg
256,Sumomomo Momomo: Chijou Saikyou no Yome,2006,https://cdn.myanimelist.net/images/anime/8/2357l.jpg
257,Paprika,2006,https://cdn.myanimelist.net/images/anime/1929/93629l.jpg
258,Toki wo Kakeru Shoujo (La Chica que Saltaba a través del Tiempo),2006,https://cdn.myanimelist.net/images/anime/4/66129l.jpg
259,Nodame Cantabile,2007,https://cdn.myanimelist.net/images/anime/1296/119099l.jpg
260,Naruto: Shippuuden,2007,https://cdn.myanimelist.net/images/anime/5/17407l.jpg
261,Tengen Toppa Gurren Lagann,2007,https://cdn.myanimelist.net/images/anime/4/5123.jpg
262,Darker than Black: Kuro no Keiyakusha,2007,https://cdn.myanimelist.net/images/anime/6/3605.jpg
263,Claymore,2007,https://cdn.myanimelist.net/images/anime/3/21834.jpg
264,Lucky Star,2007,https://cdn.myanimelist.net/images/anime/1561/115660l.jpg
265,Nagasarete Airantou,2007,https://cdn.myanimelist.net/images/anime/7/75254l.jpg
266,Lovely Complex,2007,https://cdn.myanimelist.net/images/anime/11/75563l.jpg
267,Kaze no Stigma,2007,https://cdn.myanimelist.net/images/anime/12/23136l.jpg
268,Afro Samurai,2007,https://cdn.myanimelist.net/images/anime/3/15874.jpg
269,Seto no Hanayome,2007,https://cdn.myanimelist.net/images/anime/13/58383l.jpg
270,Hayate no Gotoku!,2007,https://cdn.myanimelist.net/images/anime/2/22471l.jpg
271,Blue Dragon,2007,https://cdn.myanimelist.net/images/anime/2/20597l.jpg
272,El Cazador de la Bruja,2007,https://cdn.myanimelist.net/images/anime/11/21535l.jpg
273,Baccano!,2007,https://cdn.myanimelist.net/images/anime/3/14547.jpg
274,School Days,2007,https://cdn.myanimelist.net/images/anime/8/86373.jpg
275,Sayonara Zetsubou Sensei,2007,https://cdn.myanimelist.net/images/anime/5/6559l.jpg
276,Devil May Cry,2007,https://cdn.myanimelist.net/images/anime/1890/95931l.jpg
277,Zombie-Loan,2007,https://cdn.myanimelist.net/images/anime/2/21539l.jpg
278,Clannad,2007,https://cdn.myanimelist.net/images/anime/1804/95033.jpg
279,Shugo Chara!,2007,https://cdn.myanimelist.net/images/anime/4/22332l.jpg
280,Kodomo no Jikan,2007,https://cdn.myanimelist.net/images/anime/8/28234l.jpg
281,Bamboo Blade,2007,https://cdn.myanimelist.net/images/anime/13/6979l.jpg
282,Majin Tantei Nougami Neuro,2007,https://cdn.myanimelist.net/images/anime/12/20930l.jpg
283,Juushin Enbu: Hero Tales,2007,https://cdn.myanimelist.net/images/anime/7/75193.jpg
284,Sword of the Stranger: El Samurai sin Nombre,2007,https://cdn.myanimelist.net/images/anime/9/87066l.jpg
285,Ookami to Koushinryou (Spice and Wolf),2008,https://cdn.myanimelist.net/images/anime/5/59401l.jpg
286,Rosario + Vampire,2008,https://cdn.myanimelist.net/images/anime/3/25062l.jpg
287,True Tears,2008,https://cdn.myanimelist.net/images/anime/5/11754l.jpg
288,Soul Eater,2008,https://cdn.myanimelist.net/images/anime/9/7804l.jpg
289,To LOVE-Ru,2008,https://cdn.myanimelist.net/images/anime/10/20614l.jpg
290,Special A,2008,https://cdn.myanimelist.net/images/anime/12/10074l.jpg
291,Vampire Knight,2008,https://cdn.myanimelist.net/images/anime/1702/94761l.jpg
292,Kanokon,2008,https://cdn.myanimelist.net/images/anime/11/9490l.jpg
293,Macross F,2008,https://cdn.myanimelist.net/images/anime/2/6011l.jpg
294,Chi's Sweet Home,2008,https://cdn.myanimelist.net/images/anime/6/7632l.jpg
295,Kamen no Maid Guy,2008,https://cdn.myanimelist.net/images/anime/2/20152l.jpg
296,Natsume Yuujinchou,2008,https://cdn.myanimelist.net/images/anime/8/22697l.jpg
297,Sekirei,2008,https://cdn.myanimelist.net/images/anime/10/15182l.jpg
298,Strike Witches,2008,https://cdn.myanimelist.net/images/anime/7/17635l.jpg
299,Nogizaka Haruka no Himitsu,2008,https://cdn.myanimelist.net/images/anime/11/56965l.jpg
300,Toradora!,2008,https://cdn.myanimelist.net/images/anime/13/22128l.jpg
301,Kuroshitsuji,2008,https://cdn.myanimelist.net/images/anime/5/27013l.jpg
302,Toaru Majutsu no Index,2008,https://cdn.myanimelist.net/images/anime/2/75533l.jpg
303,ChäoS;HEAd,2008,https://cdn.myanimelist.net/images/anime/13/15443l.jpg
304,Ga-Rei: Zero,2008,https://cdn.myanimelist.net/images/anime/1891/118998l.jpg
305,One Outs,2008,https://cdn.myanimelist.net/images/anime/7/21065l.jpg
306,Inazuma Eleven,2008,https://cdn.myanimelist.net/images/anime/6/29655l.jpg
307,Kannagi,2008,https://cdn.myanimelist.net/images/anime/11/19710l.jpg
308,Akaneiro ni Somaru Saka,2008,https://cdn.myanimelist.net/images/anime/10/22795l.jpg
309,Yozakura Quartet,2008,https://cdn.myanimelist.net/images/anime/10/57259l.jpg
310,Tales of the Abyss,2008,https://cdn.myanimelist.net/images/anime/8/21243l.jpg
311,Hyakko,2008,https://cdn.myanimelist.net/images/anime/2/21689l.jpg
312,Gake no Ue no Ponyo,2008,https://cdn.myanimelist.net/images/anime/7/8970l.jpg
313,Maria†Holic,2009,https://cdn.myanimelist.net/images/anime/2/12187l.jpg
314,Kurokami,2009,https://cdn.myanimelist.net/images/anime/12/78669l.jpg
315,K-On!,2009,https://cdn.myanimelist.net/images/anime/10/76120l.jpg
316,Higashi no Eden,2009,https://cdn.myanimelist.net/images/anime/9/15033l.jpg
317,Pandora Hearts,2009,https://cdn.myanimelist.net/images/anime/8/12107l.jpg
318,Fullmetal Alchemist: Brotherhood,2009,https://cdn.myanimelist.net/images/anime/1223/96541l.jpg
319,Sengoku Basara: Samurai Kings,2009,https://cdn.myanimelist.net/images/anime/2/11962l.jpg
320,Valkyria Chronicles,2009,https://cdn.myanimelist.net/images/anime/6/53901l.jpg
321,Cross Game,2009,https://cdn.myanimelist.net/images/anime/6/22103l.jpg
322,Asura Cryin',2009,https://cdn.myanimelist.net/images/anime/7/17071l.jpg
323,Hatsukoi Limited.,2009,https://cdn.myanimelist.net/images/anime/1643/115475l.jpg
324,Queen's Blade: Rurou no Senshi,2009,https://cdn.myanimelist.net/images/anime/2/12410l.jpg
325,Tears to Tiara,2009,https://cdn.myanimelist.net/images/anime/6/18547l.jpg
326,Basquash!,2009,https://cdn.myanimelist.net/images/anime/9/13680l.jpg
327,Arad Senki: Slap Up Party,2009,https://cdn.myanimelist.net/images/anime/9/20760l.jpg
328,Bakemonogatari,2009,https://cdn.myanimelist.net/images/anime/11/75274l.jpg
329,Tokyo Magnitude 8.0,2009,https://cdn.myanimelist.net/images/anime/10/13776l.jpg
330,Canaan,2009,https://cdn.myanimelist.net/images/anime/4/75789l.jpg
331,Needless,2009,https://cdn.myanimelist.net/images/anime/2/23457l.jpg
332,Fairy Tail,2009,https://cdn.myanimelist.net/images/anime/5/18179l.jpg
333,Sora no Otoshimono,2009,https://cdn.myanimelist.net/images/anime/6/24617l.jpg
334,Nyan Koi!,2009,https://cdn.myanimelist.net/images/anime/10/18299l.jpg
335,Kämpfer,2009,https://cdn.myanimelist.net/images/anime/5/35423l.jpg
336,Princess Lover,2009,https://cdn.myanimelist.net/images/anime/7/75519l.jpg
337,Seiken no Blacksmith,2009,https://cdn.myanimelist.net/images/anime/12/15940l.jpg
338,Layton Kyouju to Eien no Utahime (El Profesor Layton y la Diva Eterna),2009,https://cdn.myanimelist.net/images/anime/3/25873l.jpg
339,Summer Wars,2009,https://cdn.myanimelist.net/images/anime/10/18933l.jpg
340,Redline,2009,https://cdn.myanimelist.net/images/anime/12/28553l.jpg
341,Durarara!!,2010,https://cdn.myanimelist.net/images/anime/10/71772l.jpg
342,Baka to Test to Shoukanjuu,2010,https://cdn.myanimelist.net/images/anime/3/50389l.jpg
343,Katanagatari,2010,https://cdn.myanimelist.net/images/anime/12/23842l.jpg
344,Omamori Himari,2010,https://cdn.myanimelist.net/images/anime/13/15393l.jpg
345,Seikon no Qwaser,2010,https://cdn.myanimelist.net/images/anime/1212/97589l.jpg
346,Dance in the Vampire Bund,2010,https://cdn.myanimelist.net/images/anime/2/24288l.jpg
347,Ladies versus Butlers!,2010,https://cdn.myanimelist.net/images/anime/7/75252l.jpg
348,Chu-Bra!!,2010,https://cdn.myanimelist.net/images/anime/1130/91352l.jpg
349,Hanamaru Youchien,2010,https://cdn.myanimelist.net/images/anime/10/23300l.jpg
350,Angel Beats!,2010,https://cdn.myanimelist.net/images/anime/11/46171l.jpg
351,Kaichou wa Maid-sama!,2010,https://cdn.myanimelist.net/images/anime/1916/114359l.jpg
352,Kiss x Sis,2010,https://cdn.myanimelist.net/images/anime/10/23008l.jpg
353,Ichiban Ushiro no Daimaou,2010,https://cdn.myanimelist.net/images/anime/11/75554l.jpg
354,Working!!,2010,https://cdn.myanimelist.net/images/anime/13/73887l.jpg
355,B-gata H-kei,2010,https://cdn.myanimelist.net/images/anime/4/75227l.jpg
356,Arakawa Under the Bridge,2010,https://cdn.myanimelist.net/images/anime/1019/98620l.jpg
357,Mayoi Neko Overrun!,2010,https://cdn.myanimelist.net/images/anime/4/25319l.jpg
358,Highschool of the Dead,2010,https://cdn.myanimelist.net/images/anime/2/25132l.jpg
359,Shiki,2010,https://cdn.myanimelist.net/images/anime/8/21343l.jpg
360,Seitokai Yakuindomo,2010,https://cdn.myanimelist.net/images/anime/9/29368l.jpg
361,Asobi ni Iku yo!,2010,https://cdn.myanimelist.net/images/anime/2/48955l.jpg
362,Ore no Imouto ga Konnani Kawaii Wake ga Nai,2010,https://cdn.myanimelist.net/images/anime/10/28240l.jpg
363,Kami nomi zo Shiru Sekai (The World God Only Knows),2010,https://cdn.myanimelist.net/images/anime/2/43361l.jpg
364,Bakuman,2010,https://cdn.myanimelist.net/images/anime/6/26138l.jpg
365,Yosuga no Sora,2010,https://cdn.myanimelist.net/images/anime/11/26922l.jpg
366,Panty & Stocking with Garterbelt,2010,https://cdn.myanimelist.net/images/anime/1682/98881l.jpg
367,MM!,2010,https://cdn.myanimelist.net/images/anime/7/52507l.jpg
368,Hyakka Ryouran: Samurai Girls,2010,https://cdn.myanimelist.net/images/anime/9/27705l.jpg
369,Shinryaku! Ika Musume,2010,https://cdn.myanimelist.net/images/anime/10/27035l.jpg
370,Fortune Arterial: Akai Yakusoku,2010,https://cdn.myanimelist.net/images/anime/13/74330l.jpg
371,Iron Man,2010,https://cdn.myanimelist.net/images/anime/1345/96911l.jpg
372,Magic Kaito,2010,https://cdn.myanimelist.net/images/anime/13/46095l.jpg
373,Karigurashi no Arrietty,2010,https://cdn.myanimelist.net/images/anime/1974/116417l.jpg
374,Puella Magi Madoka Magica,2011,https://cdn.myanimelist.net/images/anime/11/55225l.jpg
375,Kore wa Zombie Desu ka?,2011,https://cdn.myanimelist.net/images/anime/13/75521l.jpg
376,IS: Infinite Stratos,2011,https://cdn.myanimelist.net/images/anime/3/74045l.jpg
377,Beelzebub,2011,https://cdn.myanimelist.net/images/anime/3/28013l.jpg
378,Gosick,2011,https://cdn.myanimelist.net/images/anime/11/27906l.jpg
379,Freezing,2011,https://cdn.myanimelist.net/images/anime/10/28535l.jpg
380,Yumekui Merry,2011,https://cdn.myanimelist.net/images/anime/3/30869l.jpg
381,Wolverine,2011,https://cdn.myanimelist.net/images/anime/11/28039l.jpg
382,Steins;Gate,2011,https://cdn.myanimelist.net/images/anime/5/73199l.jpg
383,Ao no Exorcist,2011,https://cdn.myanimelist.net/images/anime/10/75195l.jpg
384,Ano Hi Mita Hana no Namae wo Bokutachi wa Mada Shiranai (AnoHana),2011,https://cdn.myanimelist.net/images/anime/5/79697l.jpg
385,Deadman Wonderland,2011,https://cdn.myanimelist.net/images/anime/9/75299l.jpg
386,Nichijou,2011,https://cdn.myanimelist.net/images/anime/3/75617l.jpg
387,Denpa Onna to Seishun Otoko,2011,https://cdn.myanimelist.net/images/anime/1799/114806l.jpg
388,SKET Dance,2011,https://cdn.myanimelist.net/images/anime/9/73974l.jpg
389,C: The Money of Soul and Possibility Control,2011,https://cdn.myanimelist.net/images/anime/5/50551l.jpg
390,Tiger & Bunny,2011,https://cdn.myanimelist.net/images/anime/13/29466l.jpg
391,Dog Days,2011,https://cdn.myanimelist.net/images/anime/9/75378l.jpg
392,Astarotte no Omocha!,2011,https://cdn.myanimelist.net/images/anime/3/75562l.jpg
393,Toriko,2011,https://cdn.myanimelist.net/images/anime/1757/100671l.jpg
394,Mayo Chiki!,2011,https://cdn.myanimelist.net/images/anime/13/29971l.jpg
395,Usagi Drop,2011,https://cdn.myanimelist.net/images/anime/2/29665l.jpg
396,Yuru Yuri,2011,https://cdn.myanimelist.net/images/anime/12/75173l.jpg
397,Nurarihyon no Mago: Sennen Makyou,2011,https://cdn.myanimelist.net/images/anime/5/77300l.jpg
398,The iDOLM@STER,2011,https://cdn.myanimelist.net/images/anime/9/41085l.jpg
399,Ro-Kyu-Bu!,2011,https://cdn.myanimelist.net/images/anime/11/32643l.jpg
400,Blade,2011,https://cdn.myanimelist.net/images/anime/1945/103220l.jpg
401,Mirai Nikki,2011,https://cdn.myanimelist.net/images/anime/13/33465l.jpg
402,Guilty Crown,2011,https://cdn.myanimelist.net/images/anime/8/33713l.jpg
403,Boku wa Tomodachi ga Sukunai,2011,https://cdn.myanimelist.net/images/anime/8/32873l.jpg
404,Chihayafuru,2011,https://cdn.myanimelist.net/images/anime/3/35749l.jpg
405,Ben-To,2011,https://cdn.myanimelist.net/images/anime/12/73984l.jpg
406,Maken-Ki!,2011,https://cdn.myanimelist.net/images/anime/2/75234l.jpg
407,Persona 4,2011,https://cdn.myanimelist.net/images/anime/4/29107l.jpg
408,C3,2011,https://cdn.myanimelist.net/images/anime/13/32285l.jpg
409,Hotarubi no Mori e,2011,https://cdn.myanimelist.net/images/anime/1599/112267l.jpg
410,Another,2012,https://cdn.myanimelist.net/images/anime/4/75509l.jpg
411,High School DxD,2012,https://cdn.myanimelist.net/images/anime/1331/111940l.jpg
412,Danshi Koukousei no Nichijou,2012,https://cdn.myanimelist.net/images/anime/3/33257l.jpg
413,Ano Natsu de Matteru,2012,https://cdn.myanimelist.net/images/anime/12/59405l.jpg
414,Black Rock Shooter,2012,https://cdn.myanimelist.net/images/anime/7/31473l.jpg
415,Kill Me Baby,2012,https://cdn.myanimelist.net/images/anime/9/87197l.jpg
416,Senki Zesshou Symphogear,2012,https://cdn.myanimelist.net/images/anime/11/75580l.jpg
417,Hyouka,2012,https://cdn.myanimelist.net/images/anime/13/50521l.jpg
418,Kuroko no Basket,2012,https://cdn.myanimelist.net/images/anime/11/50453l.jpg
419,Accel World,2012,https://cdn.myanimelist.net/images/anime/8/38155l.jpg
420,Sankarea,2012,https://cdn.myanimelist.net/images/anime/1487/95651l.jpg
421,Haiyore! Nyaruko-san,2012,https://cdn.myanimelist.net/images/anime/6/49081l.jpg
422,Jormungand,2012,https://cdn.myanimelist.net/images/anime/11/73280l.jpg
423,Acchi Kocchi,2012,https://cdn.myanimelist.net/images/anime/5/46489l.jpg
424,Nazo no Kanojo X,2012,https://cdn.myanimelist.net/images/anime/3/75205l.jpg
425,Medaka Box,2012,https://cdn.myanimelist.net/images/anime/13/37947l.jpg
426,Zetman,2012,https://cdn.myanimelist.net/images/anime/7/35529l.jpg
427,Sword Art Online,2012,https://cdn.myanimelist.net/images/anime/11/39717l.jpg
428,Kokoro Connect,2012,https://cdn.myanimelist.net/images/anime/2/39665l.jpg
429,Dakara Boku wa H ga Dekinai.,2012,https://cdn.myanimelist.net/images/anime/11/75821l.jpg
430,Hagure Yuusha no Aesthetica,2012,https://cdn.myanimelist.net/images/anime/9/74047l.jpg
431,Campione!,2012,https://cdn.myanimelist.net/images/anime/13/75662l.jpg
432,Oda Nobuna no Yabou,2012,https://cdn.myanimelist.net/images/anime/11/39249l.jpg
433,Binbougami ga!,2012,https://cdn.myanimelist.net/images/anime/8/39333l.jpg
434,Kingdom,2012,https://cdn.myanimelist.net/images/anime/13/39511l.jpg
435,Joshiraku,2012,https://cdn.myanimelist.net/images/anime/8/48925l.jpg
436,Psycho-Pass,2012,https://cdn.myanimelist.net/images/anime/5/43399l.jpg
437,JoJo's Bizarre Adventure. Phantom Blood,2012,https://cdn.myanimelist.net/images/anime/3/40409l.jpg
438,Chuunibyou demo Koi ga Shitai!,2012,https://cdn.myanimelist.net/images/anime/3/40167l.jpg
439,Sakura-sou no Pet na Kanojo,2012,https://cdn.myanimelist.net/images/anime/4/43643l.jpg
440,Tonari no Kaibutsu-kun,2012,https://cdn.myanimelist.net/images/anime/4/39779l.jpg
441,Magi: The Labyrinth of Magic,2012,https://cdn.myanimelist.net/images/anime/11/42773l.jpg
442,Btooom!,2012,https://cdn.myanimelist.net/images/anime/4/40977l.jpg
443,K Project,2012,https://cdn.myanimelist.net/images/anime/13/45102l.jpg
444,Code:Breaker,2012,https://cdn.myanimelist.net/images/anime/13/57251l.jpg
445,Oniichan dakedo Ai sae Areba Kankeinai yo ne!,2012,https://cdn.myanimelist.net/images/anime/6/42111l.jpg
446,Little Busters!,2012,https://cdn.myanimelist.net/images/anime/13/54019l.jpg
447,Girls und Panzer,2012,https://cdn.myanimelist.net/images/anime/9/40969l.jpg
448,Robotics;Notes,2012,https://cdn.myanimelist.net/images/anime/10/42013l.jpg
449,Ookami Kodomo no Ame to Yuki (Wolf Children),2012,https://cdn.myanimelist.net/images/anime/9/35721l.jpg
450,Mondaiji-tachi ga Isekai kara Kuru Sou Desu yo?,2013,https://cdn.myanimelist.net/images/anime/12/43369l.jpg
451,Ore no Kanojo to Osananajimi ga Shuraba Sugiru,2013,https://cdn.myanimelist.net/images/anime/13/44187l.jpg
452,Maoyuu Maou Yuusha,2013,https://cdn.myanimelist.net/images/anime/4/46041l.jpg
453,Love Live! School Idol Project,2013,https://cdn.myanimelist.net/images/anime/11/56849l.jpg
454,Tamako Market,2013,https://cdn.myanimelist.net/images/anime/6/79594l.jpg
455,Kotoura-san,2013,https://cdn.myanimelist.net/images/anime/10/75585l.jpg
456,Senran Kagura,2013,https://cdn.myanimelist.net/images/anime/5/45640l.jpg
457,Senyuu,2013,https://cdn.myanimelist.net/images/anime/6/44858l.jpg
458,Shingeki no Kyojin,2013,https://cdn.myanimelist.net/images/anime/5/44560l.jpg
459,Hataraku Maou-sama! (The Devil is a Part-Timer),2013,https://cdn.myanimelist.net/images/anime/3/50177l.jpg
460,Yahari Ore no Seishun Love Comedy wa Machigatteiru.,2013,https://cdn.myanimelist.net/images/anime/11/49459l.jpg
461,Date A Live,2013,https://cdn.myanimelist.net/images/anime/13/44844l.jpg
462,Hentai Ouji to Warawanai Neko.,2013,https://cdn.myanimelist.net/images/anime/3/75788l.jpg
463,Suisei no Gargantia,2013,https://cdn.myanimelist.net/images/anime/11/48817l.jpg
464,Danganronpa: Kibou no Gakuen to Zetsubou no Koukousei The Animation,2013,https://cdn.myanimelist.net/images/anime/4/51463l.jpg
465,Free!,2013,https://cdn.myanimelist.net/images/anime/9/49543l.jpg
466,Blood Lad,2013,https://cdn.myanimelist.net/images/anime/11/47677l.jpg
467,Watashi ga Motenai no wa Dou Kangaetemo Omaera ga Warui! (Watamote),2013,https://cdn.myanimelist.net/images/anime/12/51619l.jpg
468,Love Lab,2013,https://cdn.myanimelist.net/images/anime/5/49369l.jpg
469,Kiniro Mosaic,2013,https://cdn.myanimelist.net/images/anime/1793/117610l.jpg
470,Inu to Hasami wa Tsukaiyou,2013,https://cdn.myanimelist.net/images/anime/13/56313l.jpg
471,Kill la Kill,2013,https://cdn.myanimelist.net/images/anime/1464/111943l.jpg
472,Kyoukai no Kanata,2013,https://cdn.myanimelist.net/images/anime/3/85468l.jpg
473,Log Horizon,2013,https://cdn.myanimelist.net/images/anime/5/84004l.jpg
474,Golden Time,2013,https://cdn.myanimelist.net/images/anime/12/52091l.jpg
475,Strike the Blood,2013,https://cdn.myanimelist.net/images/anime/5/56163l.jpg
476,Tokyo Ravens,2013,https://cdn.myanimelist.net/images/anime/1318/92768l.jpg
477,Non Non Biyori,2013,https://cdn.myanimelist.net/images/anime/2/51581l.jpg
478,Ore no Nounai Sentakushi ga Gakuen Love Comedy wo Zenryoku de Jama Shiteiru (NouCome),2013,https://cdn.myanimelist.net/images/anime/9/55831l.jpg
479,Outbreak Company,2013,https://cdn.myanimelist.net/images/anime/7/54343l.jpg
480,Yuusha ni Narenakatta Ore wa Shibushibu Shuushoku wo Ketsui Shimashita.,2013,https://cdn.myanimelist.net/images/anime/13/54389l.jpg
481,Diamond no Ace,2013,https://cdn.myanimelist.net/images/anime/5/54235l.jpg
482,Yowamushi Pedal,2013,https://cdn.myanimelist.net/images/anime/5/53211l.jpg
483,BlazBlue: Alter Memory,2013,https://cdn.myanimelist.net/images/anime/10/56137l.jpg
484,Silver Spoon,2013,https://cdn.myanimelist.net/images/anime/6/49237l.jpg
485,Sakasama no Patema,2013,https://cdn.myanimelist.net/images/anime/12/52415l.jpg
486,Kaguya-hime no Monogatari (El Cuento de la Princesa Kaguya),2013,https://cdn.myanimelist.net/images/anime/1935/93606l.jpg
487,Death Billiards,2013,https://cdn.myanimelist.net/images/anime/11/48721l.jpg
488,Kaze Tachinu,2013,https://cdn.myanimelist.net/images/anime/8/52353l.jpg
489,Kotonoha no Niwa (El Jardín de las Palabras),2013,https://cdn.myanimelist.net/images/anime/1597/112995l.jpg
490,Noragami,2014,https://cdn.myanimelist.net/images/anime/9/77809l.jpg
491,Nisekoi,2014,https://cdn.myanimelist.net/images/anime/12/54337l.jpg
492,D-Frag!,2014,https://cdn.myanimelist.net/images/anime/2/53407l.jpg
493,Mikakunin de Shinkoukei,2014,https://cdn.myanimelist.net/images/anime/10/75249l.jpg
494,Space Dandy,2014,https://cdn.myanimelist.net/images/anime/6/53829l.jpg
495,Witch Craft Works,2014,https://cdn.myanimelist.net/images/anime/1949/112982l.jpg
496,Sakura Trick,2014,https://cdn.myanimelist.net/images/anime/1126/107299l.jpg
497,Tonari no Seki-kun,2014,https://cdn.myanimelist.net/images/anime/9/55489l.jpg
498,Sekai Seifuku: Bouryaku no Zvezda,2014,https://cdn.myanimelist.net/images/anime/2/56133l.jpg
499,Nobunaga the Fool,2014,https://cdn.myanimelist.net/images/anime/10/57803l.jpg
500,No Game No Life,2014,https://cdn.myanimelist.net/images/anime/1074/111944l.jpg
501,Mahouka Koukou no Rettousei,2014,https://cdn.myanimelist.net/images/anime/11/61039l.jpg
502,Black Bullet,2014,https://cdn.myanimelist.net/images/anime/1292/94693l.jpg
503,Hitsugi no Chaika,2014,https://cdn.myanimelist.net/images/anime/4/61781l.jpg
504,Gokukoku no Brynhildr,2014,https://cdn.myanimelist.net/images/anime/5/61433l.jpg
505,Soredemo Sekai wa Utsukushii,2014,https://cdn.myanimelist.net/images/anime/4/59259l.jpg
506,Mangaka-san to Assistant-san to,2014,https://cdn.myanimelist.net/images/anime/11/62219l.jpg
507,Ryuugajou Nanana no Maizoukin,2014,https://cdn.myanimelist.net/images/anime/3/60475l.jpg
508,Kanojo ga Flag wo Oraretara,2014,https://cdn.myanimelist.net/images/anime/11/63363l.jpg
509,Baby Steps,2014,https://cdn.myanimelist.net/images/anime/5/63361l.jpg
510,Blade & Soul,2014,https://cdn.myanimelist.net/images/anime/11/61885l.jpg
511,Tokyo Ghoul,2014,https://cdn.myanimelist.net/images/anime/1517/92767l.jpg
512,Akame ga Kill!,2014,https://cdn.myanimelist.net/images/anime/1429/95946l.jpg
513,Zankyou no Terror,2014,https://cdn.myanimelist.net/images/anime/1337/117405l.jpg
514,Gekkan Shoujo Nozaki-kun,2014,https://cdn.myanimelist.net/images/anime/5/66083l.jpg
515,Ao Haru Ride,2014,https://cdn.myanimelist.net/images/anime/1507/98619l.jpg
516,Aldnoah.Zero,2014,https://cdn.myanimelist.net/images/anime/7/60263l.jpg
517,Seireitsukai no Blade Dance,2014,https://cdn.myanimelist.net/images/anime/7/63031l.jpg
518,Rail Wars!,2014,https://cdn.myanimelist.net/images/anime/2/64243l.jpg
519,Tokyo ESP,2014,https://cdn.myanimelist.net/images/anime/10/64587l.jpg
520,Glasslip,2014,https://cdn.myanimelist.net/images/anime/12/64265l.jpg
521,Sabage-bu!,2014,https://cdn.myanimelist.net/images/anime/1278/98837l.jpg
522,Momo Kyun Sword,2014,https://cdn.myanimelist.net/images/anime/2/64445l.jpg
523,Shigatsu wa Kimi no Uso (Your Lie In April),2014,https://cdn.myanimelist.net/images/anime/3/67177l.jpg
524,Nanatsu no Taizai,2014,https://cdn.myanimelist.net/images/anime/8/65409l.jpg
525,Kiseijuu: Sei no Kakuritsu (Parasyte),2014,https://cdn.myanimelist.net/images/anime/5/73085l.jpg
526,Trinity Seven,2014,https://cdn.myanimelist.net/images/anime/12/67795l.jpg
527,Akatsuki no Yona,2014,https://cdn.myanimelist.net/images/anime/9/64225l.jpg
528,Amagi Brilliant Park,2014,https://cdn.myanimelist.net/images/anime/5/85435l.jpg
529,Grisaia no Kajitsu,2014,https://cdn.myanimelist.net/images/anime/1645/112632l.jpg
530,Shirobako,2014,https://cdn.myanimelist.net/images/anime/1918/93511l.jpg
531,Inou-Battle wa Nichijou-kei no Naka de,2014,https://cdn.myanimelist.net/images/anime/8/67047l.jpg
532,Shingeki no Bahamut: Genesis,2014,https://cdn.myanimelist.net/images/anime/2/67513l.jpg
533,World Trigger,2014,https://cdn.myanimelist.net/images/anime/1783/106843l.jpg
534,Danna ga Nani wo Itteiru ka Wakaranai Ken,2014,https://cdn.myanimelist.net/images/anime/7/75287l.jpg
535,Madan no Ou to Vanadis,2014,https://cdn.myanimelist.net/images/anime/3/64911l.jpg
536,Terra Formars,2014,https://cdn.myanimelist.net/images/anime/2/67117l.jpg
537,Cross Ange: Tenshi to Ryuu no Rondo,2014,https://cdn.myanimelist.net/images/anime/2/67515l.jpg
538,Gugure! Kokkuri-san,2014,https://cdn.myanimelist.net/images/anime/6/65665l.jpg
539,Ore Twintail ni Narimasu.,2014,https://cdn.myanimelist.net/images/anime/11/75057l.jpg
540,Denki-gai no Honya-san,2014,https://cdn.myanimelist.net/images/anime/13/68705l.jpg
541,Omoide no Marnie,2014,https://cdn.myanimelist.net/images/anime/7/64293l.jpg
542,Ansatsu Kyoushitsu (Assassination Classroom),2015,https://cdn.myanimelist.net/images/anime/5/75639l.jpg
543,Death Parade,2015,https://cdn.myanimelist.net/images/anime/5/71553l.jpg
544,Shinmai Maou no Testament,2015,https://cdn.myanimelist.net/images/anime/1240/94749l.jpg
545,Saenai Heroine no Sodatekata (Saekano),2015,https://cdn.myanimelist.net/images/anime/7/68783l.jpg
546,Absolute Duo,2015,https://cdn.myanimelist.net/images/anime/4/68839l.jpg
547,Seiken Tsukai no World Break,2015,https://cdn.myanimelist.net/images/anime/7/71769l.jpg
548,Kantai Collection (KanColle),2015,https://cdn.myanimelist.net/images/anime/4/73954l.jpg
549,Junketsu no Maria,2015,https://cdn.myanimelist.net/images/anime/1940/98844l.jpg
550,Juuou Mujin no Fafnir,2015,https://cdn.myanimelist.net/images/anime/11/69085l.jpg
551,Isuca,2015,https://cdn.myanimelist.net/images/anime/3/71767l.jpg
552,Military!,2015,https://cdn.myanimelist.net/images/anime/4/68837l.jpg
553,Shokugeki no Souma,2015,https://cdn.myanimelist.net/images/anime/1118/111871l.jpg
554,Dungeon ni Deai wo Motomeru no wa Machigatteiru Darou ka (Danmachi),2015,https://cdn.myanimelist.net/images/anime/2/70187l.jpg
555,Owari no Seraph,2015,https://cdn.myanimelist.net/images/anime/5/73474l.jpg
556,Plastic Memories,2015,https://cdn.myanimelist.net/images/anime/4/72750l.jpg
557,Kekkai Sensen,2015,https://cdn.myanimelist.net/images/anime/11/72321l.jpg
558,Yamada-kun to 7-nin no Majo,2015,https://cdn.myanimelist.net/images/anime/2/73700l.jpg
559,Ore Monogatari!!,2015,https://cdn.myanimelist.net/images/anime/1148/97746l.jpg
560,Hibike! Euphonium,2015,https://cdn.myanimelist.net/images/anime/6/72445l.jpg
561,Arslan Senki,2015,https://cdn.myanimelist.net/images/anime/6/73588l.jpg
562,Punch Line,2015,https://cdn.myanimelist.net/images/anime/12/73121l.jpg
563,Denpa Kyoushi,2015,https://cdn.myanimelist.net/images/anime/4/73475l.jpg
564,Triage X,2015,https://cdn.myanimelist.net/images/anime/8/73682l.jpg
565,Kyoukai no Rinne,2015,https://cdn.myanimelist.net/images/anime/13/73436l.jpg
566,Charlotte,2015,https://cdn.myanimelist.net/images/anime/5/72941l.jpg
567,Overlord,2015,https://cdn.myanimelist.net/images/anime/7/88019l.jpg
568,Prison School,2015,https://cdn.myanimelist.net/images/anime/1286/112161l.jpg
569,Gate: Jieitai Kanochi nite Kaku Tatakaeri,2015,https://cdn.myanimelist.net/images/anime/3/75950l.jpg
570,Shimoneta to Iu Gainen ga Sonzai Shinai Taikutsu na Sekai,2015,https://cdn.myanimelist.net/images/anime/3/74944l.jpg
571,Monster Musume no Iru Nichijou,2015,https://cdn.myanimelist.net/images/anime/9/75104l.jpg
572,Himouto! Umaru-chan,2015,https://cdn.myanimelist.net/images/anime/12/75086l.jpg
573,Akagami no Shirayuki-hime,2015,https://cdn.myanimelist.net/images/anime/10/75764l.jpg
574,Rokka no Yuusha,2015,https://cdn.myanimelist.net/images/anime/9/74374l.jpg
575,Gangsta.,2015,https://cdn.myanimelist.net/images/anime/8/74415l.jpg
576,God Eater,2015,https://cdn.myanimelist.net/images/anime/7/73852l.jpg
577,Gakkougurashi,2015,https://cdn.myanimelist.net/images/anime/1798/91548l.jpg
578,Okusama ga Seitokaichou!,2015,https://cdn.myanimelist.net/images/anime/9/76157l.jpg
579,Jitsu wa Watashi wa,2015,https://cdn.myanimelist.net/images/anime/8/74042l.jpg
580,Joukamachi no Dandelion,2015,https://cdn.myanimelist.net/images/anime/11/82559l.jpg
581,Classroom Crisis,2015,https://cdn.myanimelist.net/images/anime/12/74397l.jpg
582,Bikini Warriors,2015,https://cdn.myanimelist.net/images/anime/12/75103l.jpg
583,One Punch Man,2015,https://cdn.myanimelist.net/images/anime/7/72533l.jpg
584,Rakudai Kishi no Cavalry,2015,https://cdn.myanimelist.net/images/anime/9/76493l.jpg
585,Osomatsu-san,2015,https://cdn.myanimelist.net/images/anime/7/76540l.jpg
586,Heavy Object,2015,https://cdn.myanimelist.net/images/anime/13/75940l.jpg
587,Valkyrie Drive: Mermaid,2015,https://cdn.myanimelist.net/images/anime/13/75528l.jpg
588,Komori-san wa Kotowarenai!,2015,https://cdn.myanimelist.net/images/anime/7/78082l.jpg
589,Bakemono no Ko (El Niño y la Bestia),2015,https://cdn.myanimelist.net/images/anime/1155/120572l.jpg
590,Boku dake ga Inai Machi (Erased),2016,https://cdn.myanimelist.net/images/anime/10/77957l.jpg
591,Kono Subarashii Sekai ni Shukufuku wo! (Konosuba),2016,https://cdn.myanimelist.net/images/anime/8/77831l.jpg
592,Hai to Gensou no Grimgar,2016,https://cdn.myanimelist.net/images/anime/13/77976l.jpg
593,Ajin,2016,https://cdn.myanimelist.net/images/anime/13/77968l.jpg
594,Musaigen no Phantom World,2016,https://cdn.myanimelist.net/images/anime/4/78339l.jpg
595,Dagashi Kashi,2016,https://cdn.myanimelist.net/images/anime/1538/95686l.jpg
596,Dimension W,2016,https://cdn.myanimelist.net/images/anime/8/86304l.jpg
597,Oshiete! Galko-chan,2016,https://cdn.myanimelist.net/images/anime/3/77845l.jpg
598,Boku no Hero Academia,2016,https://cdn.myanimelist.net/images/anime/10/78745l.jpg
599,Re:Zero kara Hajimeru Isekai Seikatsu,2016,https://cdn.myanimelist.net/images/anime/11/79410l.jpg
600,Bungou Stray Dogs,2016,https://cdn.myanimelist.net/images/anime/3/79409l.jpg
601,Koutetsujou no Kabaneri,2016,https://cdn.myanimelist.net/images/anime/12/79164l.jpg
602,Sakamoto Desu ga?,2016,https://cdn.myanimelist.net/images/anime/4/79468l.jpg
603,Kiznaiver,2016,https://cdn.myanimelist.net/images/anime/6/78466l.jpg
604,Netoge no Yome wa Onnanoko ja Nai to Omotta?,2016,https://cdn.myanimelist.net/images/anime/3/79414l.jpg
605,Sousei no Onmyouji,2016,https://cdn.myanimelist.net/images/anime/12/79556l.jpg
606,Tanaka-kun wa Itsumo Kedaruge,2016,https://cdn.myanimelist.net/images/anime/1189/111994l.jpg
607,Hundred,2016,https://cdn.myanimelist.net/images/anime/3/78858l.jpg
608,Flying Witch,2016,https://cdn.myanimelist.net/images/anime/6/80039l.jpg
609,Big Order,2016,https://cdn.myanimelist.net/images/anime/3/79913l.jpg
610,Mayoiga,2016,https://cdn.myanimelist.net/images/anime/4/79413l.jpg
611,Kuromukuro,2016,https://cdn.myanimelist.net/images/anime/12/82281l.jpg
612,Gyakuten Saiban,2016,https://cdn.myanimelist.net/images/anime/5/79448l.jpg
613,Aggressive Retsuko (Aggretsuko),2016,https://cdn.myanimelist.net/images/anime/11/79994l.jpg
614,Mob Psycho 100,2016,https://cdn.myanimelist.net/images/anime/5/79183l.jpg
615,ReLIFE,2016,https://cdn.myanimelist.net/images/anime/3/82149l.jpg
616,Saiki Kusuo no Psi-nan,2016,https://cdn.myanimelist.net/images/anime/11/80167l.jpg
617,Orange,2016,https://cdn.myanimelist.net/images/anime/1415/102477l.jpg
618,91 Days,2016,https://cdn.myanimelist.net/images/anime/1265/119901l.jpg
619,New Game!,2016,https://cdn.myanimelist.net/images/anime/9/80417l.jpg
620,Amaama to Inazuma,2016,https://cdn.myanimelist.net/images/anime/6/80546l.jpg
621,Kono Bijutsubu ni wa Mondai ga Aru!,2016,https://cdn.myanimelist.net/images/anime/3/80688l.jpg
622,Handa-kun,2016,https://cdn.myanimelist.net/images/anime/4/80752l.jpg
623,Servamp,2016,https://cdn.myanimelist.net/images/anime/8/80953l.jpg
624,Yuri!!! on Ice,2016,https://cdn.myanimelist.net/images/anime/6/81149l.jpg
625,3-gatsu no Lion,2016,https://cdn.myanimelist.net/images/anime/6/82898l.jpg
626,Drifters,2016,https://cdn.myanimelist.net/images/anime/10/80271l.jpg
627,Watashi ga Motete Dousunda,2016,https://cdn.myanimelist.net/images/anime/7/80412l.jpg
628,Keijo!!!!!!!!,2016,https://cdn.myanimelist.net/images/anime/10/81906l.jpg
629,Nanbaka,2016,https://cdn.myanimelist.net/images/anime/2/81399l.jpg
630,Occultic;Nine,2016,https://cdn.myanimelist.net/images/anime/8/81186l.jpg
631,Gi(a)rlish Number,2016,https://cdn.myanimelist.net/images/anime/3/82291l.jpg
632,Nobunaga no Shinobi,2016,https://cdn.myanimelist.net/images/anime/2/78715l.jpg
633,Planetarian: Hoshi no Hito,2016,https://cdn.myanimelist.net/images/anime/10/79771l.jpg
634,Kimi no na Wa (Your Name),2016,https://cdn.myanimelist.net/images/anime/5/87048l.jpg
635,Koe no Katachi (A Silent Voice),2016,https://cdn.myanimelist.net/images/anime/10/80797l.jpg
636,Kobayashi-san Chi no Maid Dragon,2017,https://cdn.myanimelist.net/images/anime/5/85434l.jpg
637,Youjo Senki (Saga of Tanya the Evil),2017,https://cdn.myanimelist.net/images/anime/5/82890l.jpg
638,Masamune-kun no Revenge,2017,https://cdn.myanimelist.net/images/anime/12/83709l.jpg
639,Kuzu no Honkai,2017,https://cdn.myanimelist.net/images/anime/5/83937l.jpg
640,Little Witch Academia,2017,https://cdn.myanimelist.net/images/anime/13/83934l.jpg
641,Gabriel DropOut,2017,https://cdn.myanimelist.net/images/anime/9/82590l.jpg
642,Demi-chan wa Kataritai,2017,https://cdn.myanimelist.net/images/anime/8/83417l.jpg
643,ChäoS;Child,2017,https://cdn.myanimelist.net/images/anime/1310/90137l.jpg
644,Urara Meirochou,2017,https://cdn.myanimelist.net/images/anime/6/84119l.jpg
645,Kemono Friends,2017,https://cdn.myanimelist.net/images/anime/2/83518l.jpg
646,Boruto: Naruto Next Generations,2017,https://cdn.myanimelist.net/images/anime/9/84460l.jpg
647,Eromanga-sensei,2017,https://cdn.myanimelist.net/images/anime/2/86468l.jpg
648,Rokudenashi Majutsu Koushi to Akashic Records,2017,https://cdn.myanimelist.net/images/anime/8/85593l.jpg
649,Tsuki ga Kirei,2017,https://cdn.myanimelist.net/images/anime/10/85173l.jpg
650,Re:Creators,2017,https://cdn.myanimelist.net/images/anime/11/85469l.jpg
651,Renai Boukun,2017,https://cdn.myanimelist.net/images/anime/9/84266l.jpg
652,Busou Shoujo Machiavellianism,2017,https://cdn.myanimelist.net/images/anime/3/83995l.jpg
653,Zero kara Hajimeru Mahou no Sho,2017,https://cdn.myanimelist.net/images/anime/5/85224l.jpg
654,Granblue Fantasy,2017,https://cdn.myanimelist.net/images/anime/2/81630l.jpg
655,Tsugumomo,2017,https://cdn.myanimelist.net/images/anime/13/84461l.jpg
656,Ani ni Tsukeru Kusuri wa Nai!,2017,https://cdn.myanimelist.net/images/anime/4/85295l.jpg
657,Kakegurui,2017,https://cdn.myanimelist.net/images/anime/3/86578l.jpg
658,Made in Abyss,2017,https://cdn.myanimelist.net/images/anime/1922/91900l.jpg
659,Youkoso Jitsuryoku Shijou Shugi no Kyoushitsu e,2017,https://cdn.myanimelist.net/images/anime/5/86830l.jpg
660,Tsurezure Children,2017,https://cdn.myanimelist.net/images/anime/12/86676l.jpg
661,Gamers!,2017,https://cdn.myanimelist.net/images/anime/4/86828l.jpg
662,Isekai wa Smartphone to Tomo ni.,2017,https://cdn.myanimelist.net/images/anime/7/86794l.jpg
663,Hajimete no Gal,2017,https://cdn.myanimelist.net/images/anime/9/86826l.jpg
664,Aho Girl,2017,https://cdn.myanimelist.net/images/anime/7/86665l.jpg
665,Welcome to the Ballroom,2017,https://cdn.myanimelist.net/images/anime/1179/97054l.jpg
666,Princess Principal,2017,https://cdn.myanimelist.net/images/anime/7/86768l.jpg
667,Centaur no Nayami,2017,https://cdn.myanimelist.net/images/anime/2/86767l.jpg
668,Black Clover,2017,https://cdn.myanimelist.net/images/anime/2/88336l.jpg
669,Mahoutsukai no Yome,2017,https://cdn.myanimelist.net/images/anime/3/88476l.jpg
670,Blend S,2017,https://cdn.myanimelist.net/images/anime/6/88286l.jpg
671,Inuyashiki,2017,https://cdn.myanimelist.net/images/anime/7/88471l.jpg
672,Just Because!,2017,https://cdn.myanimelist.net/images/anime/10/88234l.jpg
673,Juuni Taisen,2017,https://cdn.myanimelist.net/images/anime/11/87328l.jpg
674,Net-juu no Susume,2017,https://cdn.myanimelist.net/images/anime/3/87463l.jpg
675,Ousama Game,2017,https://cdn.myanimelist.net/images/anime/3/88190l.jpg
676,Osake wa Fuufu ni Natte kara,2017,https://cdn.myanimelist.net/images/anime/1684/108627l.jpg
677,Violet Evergarden,2018,https://cdn.myanimelist.net/images/anime/1795/95088l.jpg
678,Darling in the FranXX,2018,https://cdn.myanimelist.net/images/anime/1614/90408l.jpg
679,Karakai Jouzu no Takagi-san,2018,https://cdn.myanimelist.net/images/anime/1591/95091l.jpg
680,Citrus,2018,https://cdn.myanimelist.net/images/anime/11/89985l.jpg
681,Sora yori mo Tooi Basho,2018,https://cdn.myanimelist.net/images/anime/6/89879l.jpg
682,Gakuen Babysitters,2018,https://cdn.myanimelist.net/images/anime/8/89978l.jpg
683,Yuru Camp,2018,https://cdn.myanimelist.net/images/anime/4/89877l.jpg
684,Toji no Miko,2018,https://cdn.myanimelist.net/images/anime/13/89885l.jpg
685,Wotaku ni Koi wa Muzukashii,2018,https://cdn.myanimelist.net/images/anime/1864/93518l.jpg
686,Megalo Box,2018,https://cdn.myanimelist.net/images/anime/1958/93533l.jpg
687,Hinamatsuri,2018,https://cdn.myanimelist.net/images/anime/1580/93526l.jpg
688,Golden Kamuy,2018,https://cdn.myanimelist.net/images/anime/1145/90880l.jpg
689,Tada-kun wa Koi wo Shinai,2018,https://cdn.myanimelist.net/images/anime/1446/91841l.jpg
690,Persona 5,2018,https://cdn.myanimelist.net/images/anime/1230/95768l.jpg
691,Uma Musume: Pretty Derby,2018,https://cdn.myanimelist.net/images/anime/1683/91888l.jpg
692,Banana Fish,2018,https://cdn.myanimelist.net/images/anime/1190/93472l.jpg
693,Grand Blue,2018,https://cdn.myanimelist.net/images/anime/1011/92109l.jpg
694,Isekai Maou to Shoukan Shoujo no Dorei Majutsu,2018,https://cdn.myanimelist.net/images/anime/1649/93412l.jpg
695,Hataraku Saibou,2018,https://cdn.myanimelist.net/images/anime/1141/117446l.jpg
696,Satsuriku no Tenshi (Angels of Death),2018,https://cdn.myanimelist.net/images/anime/1862/95624l.jpg
697,Asobi Asobase,2018,https://cdn.myanimelist.net/images/anime/1139/95077l.jpg
698,Yuragi-sou no Yuuna-san,2018,https://cdn.myanimelist.net/images/anime/1462/98802l.jpg
699,High Score Girl,2018,https://cdn.myanimelist.net/images/anime/1668/91345l.jpg
700,Hyakuren no Haou to Seiyaku no Valkyria,2018,https://cdn.myanimelist.net/images/anime/1585/95225l.jpg
701,Hanebado!,2018,https://cdn.myanimelist.net/images/anime/1288/93432l.jpg
702,Island,2018,https://cdn.myanimelist.net/images/anime/1951/95080l.jpg
703,Chio-chan no Tsuugakuro,2018,https://cdn.myanimelist.net/images/anime/1073/95042l.jpg
704,Harukana Receive,2018,https://cdn.myanimelist.net/images/anime/1924/95212l.jpg
705,Jashin-chan Dropkick,2018,https://cdn.myanimelist.net/images/anime/1892/93420l.jpg
706,Seishun Buta Yarou wa Bunny Girl Senpai no Yume wo Minai,2018,https://cdn.myanimelist.net/images/anime/1301/93586l.jpg
707,Tensei shitara Slime Datta Ken,2018,https://cdn.myanimelist.net/images/anime/1694/93337l.jpg
708,Goblin Slayer,2018,https://cdn.myanimelist.net/images/anime/1719/95621l.jpg
709,Zombieland Saga,2018,https://cdn.myanimelist.net/images/anime/1094/95453l.jpg
710,Kishuku Gakkou no Juliet,2018,https://cdn.myanimelist.net/images/anime/1908/93416l.jpg
711,Irozuku Sekai no Ashita kara,2018,https://cdn.myanimelist.net/images/anime/1424/93855l.jpg
712,SSSS.Gridman,2018,https://cdn.myanimelist.net/images/anime/1973/95616l.jpg
713,Radiant,2018,https://cdn.myanimelist.net/images/anime/1758/117647l.jpg
714,Uchi no Maid ga Uzasugiru!,2018,https://cdn.myanimelist.net/images/anime/1786/95330l.jpg
715,Hinomaruzumou,2018,https://cdn.myanimelist.net/images/anime/1974/95289l.jpg
716,Gaikotsu Shotenin Honda-san,2018,https://cdn.myanimelist.net/images/anime/1555/93865l.jpg
717,Beelzebub-jou no Okinimesu mama.,2018,https://cdn.myanimelist.net/images/anime/1827/95738l.jpg
718,Sayonara no Asa ni Yakusoku no Hana wo Kazarou,2018,https://cdn.myanimelist.net/images/anime/11/89556l.jpg
719,Kimi no Suizou wo Tabetai (Me Comeré tu Páncreas),2018,https://cdn.myanimelist.net/images/anime/1768/93291l.jpg
720,Yakusoku no Neverland,2019,https://cdn.myanimelist.net/images/anime/1903/96943l.jpg
721,Kaguya-sama: Love is War,2019,https://cdn.myanimelist.net/images/anime/1436/109969l.jpg
722,Tate no Yuusha no Nariagari (The Rising of the Shield Hero),2019,https://cdn.myanimelist.net/images/anime/1490/101365l.jpg
723,Dororo,2019,https://cdn.myanimelist.net/images/anime/1725/97893l.jpg
724,5-toubun no Hanayome (The Quintessential Quintuplets),2019,https://cdn.myanimelist.net/images/anime/1644/95779l.jpg
725,Domestic na Kanojo,2019,https://cdn.myanimelist.net/images/anime/1117/111599l.jpg
726,Watashi ni Tenshi ga Maiorita!,2019,https://cdn.myanimelist.net/images/anime/1778/100470l.jpg
727,Kimetsu no Yaiba (Demon Slayer),2019,https://cdn.myanimelist.net/images/anime/1286/99889l.jpg
728,Bokutachi wa Benkyou ga Dekinai,2019,https://cdn.myanimelist.net/images/anime/1602/100510l.jpg
729,Isekai Quartet,2019,https://cdn.myanimelist.net/images/anime/1965/99667l.jpg
730,Sewayaki Kitsune no Senko-san,2019,https://cdn.myanimelist.net/images/anime/1814/99677l.jpg
731,Carole & Tuesday,2019,https://cdn.myanimelist.net/images/anime/1611/96157l.jpg
732,Nande Koko ni Sensei ga!?,2019,https://cdn.myanimelist.net/images/anime/1765/99673l.jpg
733,Kono Oto Tomare!,2019,https://cdn.myanimelist.net/images/anime/1626/97092l.jpg
734,Midara na Ao-chan wa Benkyou ga Dekinai,2019,https://cdn.myanimelist.net/images/anime/1899/96993l.jpg
735,Hitoribocchi no Marumaru Seikatsu,2019,https://cdn.myanimelist.net/images/anime/1130/99458l.jpg
736,Fairy Gone,2019,https://cdn.myanimelist.net/images/anime/1562/100460l.jpg
737,Dr. Stone,2019,https://cdn.myanimelist.net/images/anime/1758/97736l.jpg
738,Vinland Saga,2019,https://cdn.myanimelist.net/images/anime/1500/103005l.jpg
739,Enen no Shouboutai (Fire Force),2019,https://cdn.myanimelist.net/images/anime/1664/103275l.jpg
740,Arifureta Shokugyou de Sekai Saikyou,2019,https://cdn.myanimelist.net/images/anime/1799/101266l.jpg
741,Given,2019,https://cdn.myanimelist.net/images/anime/1666/102238l.jpg
742,Dumbbell Nan Kilo Moteru?,2019,https://cdn.myanimelist.net/images/anime/1385/101060l.jpg
743,Araburu Kisetsu no Otome-domo yo.,2019,https://cdn.myanimelist.net/images/anime/1256/101166l.jpg
744,Kawaikereba Hentai demo Suki ni Natte Kuremasu ka?,2019,https://cdn.myanimelist.net/images/anime/1601/99934l.jpg
745,Isekai Cheat Magician,2019,https://cdn.myanimelist.net/images/anime/1282/102248l.jpg
746,Kanata no Astra,2019,https://cdn.myanimelist.net/images/anime/1688/98797l.jpg
747,Tsuujou Kougeki ga Zentai Kougeki de Ni-kai Kougeki no Okaasan wa Suki Desu ka?,2019,https://cdn.myanimelist.net/images/anime/1920/99950l.jpg
748,Tejina-senpai,2019,https://cdn.myanimelist.net/images/anime/1510/99891l.jpg
749,Sounan Desu ka?,2019,https://cdn.myanimelist.net/images/anime/1167/101216l.jpg
750,Beastars,2019,https://cdn.myanimelist.net/images/anime/1234/102008l.jpg
751,Ore wo Suki nano wa Omae dake ka yo,2019,https://cdn.myanimelist.net/images/anime/1348/102797l.jpg
752,Mairimashita! Iruma-kun,2019,https://cdn.myanimelist.net/images/anime/1009/103187l.jpg
753,Assassins Pride,2019,https://cdn.myanimelist.net/images/anime/1267/103421l.jpg
754,No Guns Life,2019,https://cdn.myanimelist.net/images/anime/1531/102113l.jpg
755,Ahiru no Sora,2019,https://cdn.myanimelist.net/images/anime/1975/108030l.jpg
756,Hataage! Kemono Michi,2019,https://cdn.myanimelist.net/images/anime/1618/102343l.jpg
757,Hoshiai no Sora,2019,https://cdn.myanimelist.net/images/anime/1390/102802l.jpg
758,Azur Lane,2019,https://cdn.myanimelist.net/images/anime/1098/106869l.jpg
759,Houkago Saikoro Club,2019,https://cdn.myanimelist.net/images/anime/1035/111624l.jpg
760,Kandagawa Jet Girls,2019,https://cdn.myanimelist.net/images/anime/1570/103129l.jpg
761,Promare,2019,https://cdn.myanimelist.net/images/anime/1988/98393l.jpg
762,Tenki no Ko (Weathering With You),2019,https://cdn.myanimelist.net/images/anime/1880/101146l.jpg
763,Jibaku Shounen Hanako-kun,2020,https://cdn.myanimelist.net/images/anime/1022/104208l.jpg
764,Darwin's Game,2020,https://cdn.myanimelist.net/images/anime/1454/104499l.jpg
765,Dorohedoro,2020,https://cdn.myanimelist.net/images/anime/1740/104786l.jpg
766,Itai no wa Iya nano de Bougyoryoku ni Kyokufuri Shitai to Omoimasu.,2020,https://cdn.myanimelist.net/images/anime/1438/105344l.jpg
767,Ishuzoku Reviewers,2020,https://cdn.myanimelist.net/images/anime/1870/105970l.jpg
768,Kyokou Suiri,2020,https://cdn.myanimelist.net/images/anime/1002/101302l.jpg
769,Plunderer,2020,https://cdn.myanimelist.net/images/anime/1221/101872l.jpg
770,Id:Invaded,2020,https://cdn.myanimelist.net/images/anime/1889/105337l.jpg
771,Eizouken ni wa Te wo Dasu na!,2020,https://cdn.myanimelist.net/images/anime/1608/101940l.jpg
772,Rikei ga Koi ni Ochita no de Shoumei shitemita.,2020,https://cdn.myanimelist.net/images/anime/1432/103533l.jpg
773,Somali to Mori no Kamisama,2020,https://cdn.myanimelist.net/images/anime/1341/106740l.jpg
774,Nekopara,2020,https://cdn.myanimelist.net/images/anime/1716/104880l.jpg
775,Runway de Waratte,2020,https://cdn.myanimelist.net/images/anime/1836/113904l.jpg
776,Kami no Tou (Tower of God),2020,https://cdn.myanimelist.net/images/anime/1702/106229l.jpg
777,Gleipnir,2020,https://cdn.myanimelist.net/images/anime/1066/106557l.jpg
778,Otome Game no Hametsu Flag shika Nai Akuyaku Reijou ni Tensei shiteshimatta...,2020,https://cdn.myanimelist.net/images/anime/1113/105562l.jpg
779,Kakushigoto,2020,https://cdn.myanimelist.net/images/anime/1837/104759l.jpg
780,Princess Connect! Re:Dive,2020,https://cdn.myanimelist.net/images/anime/1463/106038l.jpg
781,Yesterday wo Utatte,2020,https://cdn.myanimelist.net/images/anime/1553/107721l.jpg
782,Fugou Keiji: Balance:Unlimited,2020,https://cdn.myanimelist.net/images/anime/1066/106556l.jpg
783,BNA,2020,https://cdn.myanimelist.net/images/anime/1139/106986l.jpg
784,Appare-Ranman!,2020,https://cdn.myanimelist.net/images/anime/1268/106012l.jpg
785,Arte,2020,https://cdn.myanimelist.net/images/anime/1680/104516l.jpg
786,Kanojo Okarishimasu (Rent-a-Girlfriend),2020,https://cdn.myanimelist.net/images/anime/1584/112955l.jpg
787,The God of High School,2020,https://cdn.myanimelist.net/images/anime/1722/107269l.jpg
788,Maou Gakuin no Futekigousha: Shijou Saikyou no Maou no Shiso Tensei shite Shison-tachi no Gakkou e Kayou,2020,https://cdn.myanimelist.net/images/anime/1388/105332l.jpg
789,Great Pretender,2020,https://cdn.myanimelist.net/images/anime/1418/107954l.jpg
790,Uzaki-chan wa Asobitai!,2020,https://cdn.myanimelist.net/images/anime/1016/107442l.jpg
791,Deca-Dence,2020,https://cdn.myanimelist.net/images/anime/1531/101879l.jpg
792,Monster Musume no Oishasan,2020,https://cdn.myanimelist.net/images/anime/1762/106598l.jpg
793,Peter Grill to Kenja no Jikan,2020,https://cdn.myanimelist.net/images/anime/1368/108441l.jpg
794,Jujutsu Kaisen,2020,https://cdn.myanimelist.net/images/anime/1171/109222l.jpg
795,Tonikaku Kawaii,2020,https://cdn.myanimelist.net/images/anime/1613/108722l.jpg
796,Akudama Drive,2020,https://cdn.myanimelist.net/images/anime/1361/107944l.jpg
797,Majo no Tabitabi,2020,https://cdn.myanimelist.net/images/anime/1181/109098l.jpg
798,Yuukoku no Moriarty,2020,https://cdn.myanimelist.net/images/anime/1366/108353l.jpg
799,Kuma Kuma Kuma Bear,2020,https://cdn.myanimelist.net/images/anime/1115/108852l.jpg
800,Iwa Kakeru!: Sport Climbing Girls,2020,https://cdn.myanimelist.net/images/anime/1626/108849l.jpg
801,Josee to Tora to Sakana-tachi,2020,https://cdn.myanimelist.net/images/anime/1186/108864l.jpg
802,Kemono Jihen,2021,https://cdn.myanimelist.net/images/anime/1258/108331l.jpg
803,Ore dake Haireru Kakushi Dungeon,2021,https://cdn.myanimelist.net/images/anime/1088/109121l.jpg
804,Jaku-Chara Tomozaki-kun,2021,https://cdn.myanimelist.net/images/anime/1120/109232l.jpg
805,Hataraku Saibou!!,2021,https://cdn.myanimelist.net/images/anime/1726/114552l.jpg
806,Hataraku Saibou Black,2021,https://cdn.myanimelist.net/images/anime/1837/110799l.jpg
807,Ex-Arm,2021,https://cdn.myanimelist.net/images/anime/1108/107696l.jpg
808,Horimiya,2021,https://cdn.myanimelist.net/images/anime/1791/110336l.jpg
809,Mushoku Tensei: Jobless Reincarnation,2021,https://cdn.myanimelist.net/images/anime/1236/103585l.jpg
810,Wonder Egg Priority,2021,https://cdn.myanimelist.net/images/anime/1079/110751l.jpg
811,SK8 the Infinity,2021,https://cdn.myanimelist.net/images/anime/1462/110120l.jpg
812,Tokyo Revengers,2021,https://cdn.myanimelist.net/images/anime/1875/113397l.jpg
813,Fumetsu no Anata e,2021,https://cdn.myanimelist.net/images/anime/1880/118484l.jpg
814,Ijiranaide Nagatoro-san (Don't Toy with Me Miss Nagatoro),2021,https://cdn.myanimelist.net/images/anime/1900/110097l.jpg
815,Hige wo Soru. Soshite Joshikousei wo Hirou.,2021,https://cdn.myanimelist.net/images/anime/1353/111794l.jpg
816,Sentouin Hakenshimasu!,2021,https://cdn.myanimelist.net/images/anime/1623/111021l.jpg
817,Osananajimi ga Zettai ni Makenai Love Comedy,2021,https://cdn.myanimelist.net/images/anime/1743/113320l.jpg
818,Edens Zero,2021,https://cdn.myanimelist.net/images/anime/1028/111526l.jpg
819,Subarashiki Kono Sekai The Animation,2021,https://cdn.myanimelist.net/images/anime/1016/111566l.jpg
820,Bokutachi no Remake,2021,https://cdn.myanimelist.net/images/anime/1471/112749l.jpg
821,Kanojo mo Kanojo,2021,https://cdn.myanimelist.net/images/anime/1113/116964l.jpg
822,Tantei wa Mou Shindeiru.,2021,https://cdn.myanimelist.net/images/anime/1789/115882l.jpg
823,Vanitas no Karte,2021,https://cdn.myanimelist.net/images/anime/1345/115530l.jpg
824,Seirei Gensouki,2021,https://cdn.myanimelist.net/images/anime/1094/110385l.jpg
825,Tsuki ga Michibiku Isekai Douchuu,2021,https://cdn.myanimelist.net/images/anime/1950/116474l.jpg
826,Jahy-sama wa Kujikenai!,2021,https://cdn.myanimelist.net/images/anime/1130/114947l.jpg
827,Komi-san wa Comyushou desu.,2021,https://cdn.myanimelist.net/images/anime/1899/117237l.jpg
828,Takt Op. Destiny,2021,https://cdn.myanimelist.net/images/anime/1559/116101l.jpg
829,Mieruko-chan,2021,https://cdn.myanimelist.net/images/anime/1841/116585l.jpg
830,Sekai Saikou no Ansatsusha - Isekai Kizoku ni Tensei suru,2021,https://cdn.myanimelist.net/images/anime/1023/117615l.jpg
831,Blue Period,2021,https://cdn.myanimelist.net/images/anime/1757/116931l.jpg
832,Platinum End,2021,https://cdn.myanimelist.net/images/anime/1524/110802l.jpg
833,Ousama Ranking,2021,https://cdn.myanimelist.net/images/anime/1347/117616l.jpg
834,Senpai ga Uzai Kouhai no Hanashi,2021,https://cdn.myanimelist.net/images/anime/1055/118890l.jpg
835,Kaifuku Jutsushi no Yarinaoshi,2021,https://cdn.myanimelist.net/images/anime/1226/110004l.jpg
836,Aria the Crepuscolo,2021,https://cdn.myanimelist.net/images/anime/1934/111002l.jpg